"Date","Index"
1995-09-11 02:00:00,4704.94
1995-09-12 02:00:00,4747.21
1995-09-13 02:00:00,4765.52
1995-09-14 02:00:00,4801.8
1995-09-15 02:00:00,4797.57
1995-09-18 02:00:00,4780.41
1995-09-19 02:00:00,4767.04
1995-09-20 02:00:00,4792.69
1995-09-21 02:00:00,4767.4
1995-09-22 02:00:00,4764.15
1995-09-25 01:00:00,4769.93
1995-09-26 01:00:00,4765.6
1995-09-27 01:00:00,4762.35
1995-09-28 01:00:00,4787.64
1995-09-29 01:00:00,4789.08
1995-10-02 01:00:00,4761.26
1995-10-03 01:00:00,4749.7
1995-10-04 01:00:00,4740.67
1995-10-05 01:00:00,4762.71
1995-10-06 01:00:00,4769.21
1995-10-09 01:00:00,4726.22
1995-10-10 01:00:00,4720.8
1995-10-11 01:00:00,4735.25
1995-10-12 01:00:00,4764.88
1995-10-13 01:00:00,4793.78
1995-10-16 01:00:00,4784.38
1995-10-17 01:00:00,4795.94
1995-10-18 01:00:00,4777.52
1995-10-19 01:00:00,4802.45
1995-10-20 01:00:00,4794.86
1995-10-23 01:00:00,4755.48
1995-10-24 01:00:00,4783.66
1995-10-25 01:00:00,4753.68
1995-10-26 01:00:00,4703.82
1995-10-27 01:00:00,4741.75
1995-10-30 01:00:00,4756.57
1995-10-31 01:00:00,4755.48
1995-11-01 01:00:00,4766.68
1995-11-02 01:00:00,4808.59
1995-11-03 01:00:00,4825.57
1995-11-06 01:00:00,4814.01
1995-11-07 01:00:00,4797.03
1995-11-08 01:00:00,4852.67
1995-11-09 01:00:00,4864.23
1995-11-10 01:00:00,4870.37
1995-11-13 01:00:00,4872.9
1995-11-14 01:00:00,4871.81
1995-11-15 01:00:00,4922.75
1995-11-16 01:00:00,4969.36
1995-11-17 01:00:00,4989.95
1995-11-20 01:00:00,4983.09
1995-11-21 01:00:00,5023.55
1995-11-22 01:00:00,5041.61
1995-11-23 01:00:00,5041.61
1995-11-24 01:00:00,5048.84
1995-11-27 01:00:00,5070.88
1995-11-28 01:00:00,5078.1
1995-11-29 01:00:00,5105.56
1995-11-30 01:00:00,5074.49
1995-12-01 01:00:00,5087.13
1995-12-04 01:00:00,5139.52
1995-12-05 01:00:00,5177.45
1995-12-06 01:00:00,5199.13
1995-12-07 01:00:00,5159.39
1995-12-08 01:00:00,5156.86
1995-12-11 01:00:00,5184.32
1995-12-12 01:00:00,5174.92
1995-12-13 01:00:00,5216.47
1995-12-14 01:00:00,5182.15
1995-12-15 01:00:00,5176.73
1995-12-18 01:00:00,5075.21
1995-12-19 01:00:00,5109.89
1995-12-20 01:00:00,5059.32
1995-12-21 01:00:00,5096.53
1995-12-22 01:00:00,5097.97
1995-12-25 01:00:00,5097.97
1995-12-26 01:00:00,5110.26
1995-12-27 01:00:00,5105.92
1995-12-28 01:00:00,5095.8
1995-12-29 01:00:00,5117.12
1996-01-01 01:00:00,5117.12
1996-01-02 01:00:00,5177.45
1996-01-03 01:00:00,5194.07
1996-01-04 01:00:00,5173.84
1996-01-05 01:00:00,5181.43
1996-01-08 01:00:00,5197.68
1996-01-09 01:00:00,5130.13
1996-01-10 01:00:00,5032.94
1996-01-11 01:00:00,5065.1
1996-01-12 01:00:00,5061.12
1996-01-15 01:00:00,5043.78
1996-01-16 01:00:00,5088.22
1996-01-17 01:00:00,5066.9
1996-01-18 01:00:00,5124.35
1996-01-19 01:00:00,5184.68
1996-01-22 01:00:00,5219.36
1996-01-23 01:00:00,5192.27
1996-01-24 01:00:00,5242.84
1996-01-25 01:00:00,5216.83
1996-01-26 01:00:00,5271.75
1996-01-29 01:00:00,5304.98
1996-01-30 01:00:00,5381.21
1996-01-31 01:00:00,5395.3
1996-02-01 01:00:00,5405.06
1996-02-02 01:00:00,5373.99
1996-02-05 01:00:00,5407.59
1996-02-06 01:00:00,5459.61
1996-02-07 01:00:00,5492.12
1996-02-08 01:00:00,5539.45
1996-02-09 01:00:00,5541.62
1996-02-12 01:00:00,5600.15
1996-02-13 01:00:00,5601.23
1996-02-14 01:00:00,5579.55
1996-02-15 01:00:00,5551.37
1996-02-16 01:00:00,5503.32
1996-02-19 01:00:00,5503.32
1996-02-20 01:00:00,5458.53
1996-02-21 01:00:00,5515.97
1996-02-22 01:00:00,5608.46
1996-02-23 01:00:00,5630.49
1996-02-26 01:00:00,5565.1
1996-02-27 01:00:00,5549.21
1996-02-28 01:00:00,5506.21
1996-02-29 01:00:00,5485.62
1996-03-01 01:00:00,5536.56
1996-03-04 01:00:00,5600.15
1996-03-05 01:00:00,5642.42
1996-03-06 01:00:00,5629.77
1996-03-07 01:00:00,5641.69
1996-03-08 01:00:00,5470.45
1996-03-11 01:00:00,5581
1996-03-12 01:00:00,5583.89
1996-03-13 01:00:00,5568.72
1996-03-14 01:00:00,5586.06
1996-03-15 01:00:00,5584.97
1996-03-18 01:00:00,5683.6
1996-03-19 01:00:00,5669.51
1996-03-20 01:00:00,5655.42
1996-03-21 01:00:00,5626.88
1996-03-22 01:00:00,5636.64
1996-03-25 01:00:00,5643.86
1996-03-26 01:00:00,5670.6
1996-03-27 01:00:00,5626.88
1996-03-28 01:00:00,5630.85
1996-03-29 01:00:00,5587.14
1996-04-01 02:00:00,5637.72
1996-04-02 02:00:00,5671.68
1996-04-03 02:00:00,5689.74
1996-04-04 02:00:00,5682.88
1996-04-05 02:00:00,5682.88
1996-04-08 02:00:00,5594.37
1996-04-09 02:00:00,5560.41
1996-04-10 02:00:00,5485.98
1996-04-11 02:00:00,5487.07
1996-04-12 02:00:00,5532.59
1996-04-15 02:00:00,5592.92
1996-04-16 02:00:00,5620.02
1996-04-17 02:00:00,5549.93
1996-04-18 02:00:00,5551.74
1996-04-19 02:00:00,5535.48
1996-04-22 02:00:00,5564.74
1996-04-23 02:00:00,5588.59
1996-04-24 02:00:00,5553.9
1996-04-25 02:00:00,5566.91
1996-04-26 02:00:00,5567.99
1996-04-29 02:00:00,5573.41
1996-04-30 02:00:00,5569.08
1996-05-01 02:00:00,5575.22
1996-05-02 02:00:00,5498.27
1996-05-03 02:00:00,5478.03
1996-05-06 02:00:00,5464.31
1996-05-07 02:00:00,5420.95
1996-05-08 02:00:00,5474.06
1996-05-09 02:00:00,5475.14
1996-05-10 02:00:00,5518.14
1996-05-13 02:00:00,5582.6
1996-05-14 02:00:00,5624.71
1996-05-15 02:00:00,5625.44
1996-05-16 02:00:00,5635.05
1996-05-17 02:00:00,5687.5
1996-05-20 02:00:00,5748.82
1996-05-21 02:00:00,5736.26
1996-05-22 02:00:00,5778
1996-05-23 02:00:00,5762.12
1996-05-24 02:00:00,5762.86
1996-05-27 02:00:00,5762.86
1996-05-28 02:00:00,5709.67
1996-05-29 02:00:00,5673.83
1996-05-30 02:00:00,5693.41
1996-05-31 02:00:00,5643.18
1996-06-03 02:00:00,5624.71
1996-06-04 02:00:00,5665.71
1996-06-05 02:00:00,5697.48
1996-06-06 02:00:00,5667.19
1996-06-07 02:00:00,5697.11
1996-06-10 02:00:00,5687.87
1996-06-11 02:00:00,5668.66
1996-06-12 02:00:00,5668.29
1996-06-13 02:00:00,5657.95
1996-06-14 02:00:00,5649.45
1996-06-17 02:00:00,5652.78
1996-06-18 02:00:00,5628.03
1996-06-19 02:00:00,5648.35
1996-06-20 02:00:00,5659.43
1996-06-21 02:00:00,5705.23
1996-06-24 02:00:00,5717.79
1996-06-25 02:00:00,5719.27
1996-06-26 02:00:00,5682.7
1996-06-27 02:00:00,5677.53
1996-06-28 02:00:00,5654.63
1996-07-01 02:00:00,5729.98
1996-07-02 02:00:00,5720.38
1996-07-03 02:00:00,5703.02
1996-07-04 02:00:00,5703.02
1996-07-05 02:00:00,5588.14
1996-07-08 02:00:00,5550.83
1996-07-09 02:00:00,5581.86
1996-07-10 02:00:00,5603.65
1996-07-11 02:00:00,5520.5
1996-07-12 02:00:00,5510.56
1996-07-15 02:00:00,5349.51
1996-07-16 02:00:00,5358.76
1996-07-17 02:00:00,5376.88
1996-07-18 02:00:00,5464.18
1996-07-19 02:00:00,5426.82
1996-07-22 02:00:00,5390.94
1996-07-23 02:00:00,5346.55
1996-07-24 02:00:00,5354.69
1996-07-25 02:00:00,5422.01
1996-07-26 02:00:00,5473.06
1996-07-29 02:00:00,5434.59
1996-07-30 02:00:00,5481.93
1996-07-31 02:00:00,5528.91
1996-08-01 02:00:00,5594.75
1996-08-02 02:00:00,5679.83
1996-08-05 02:00:00,5674.28
1996-08-06 02:00:00,5696.11
1996-08-07 02:00:00,5718.67
1996-08-08 02:00:00,5713.49
1996-08-09 02:00:00,5681.31
1996-08-12 02:00:00,5704.98
1996-08-13 02:00:00,5647.28
1996-08-14 02:00:00,5666.88
1996-08-15 02:00:00,5665.78
1996-08-16 02:00:00,5689.45
1996-08-19 02:00:00,5699.44
1996-08-20 02:00:00,5721.26
1996-08-21 02:00:00,5689.82
1996-08-22 02:00:00,5733.47
1996-08-23 02:00:00,5722.74
1996-08-26 02:00:00,5693.89
1996-08-27 02:00:00,5711.27
1996-08-28 02:00:00,5712.38
1996-08-29 02:00:00,5647.65
1996-08-30 02:00:00,5616.21
1996-09-02 02:00:00,5616.21
1996-09-03 02:00:00,5648.39
1996-09-04 02:00:00,5656.9
1996-09-05 02:00:00,5606.96
1996-09-06 02:00:00,5659.86
1996-09-09 02:00:00,5733.84
1996-09-10 02:00:00,5727.18
1996-09-11 02:00:00,5754.92
1996-09-12 02:00:00,5771.94
1996-09-13 02:00:00,5838.52
1996-09-16 02:00:00,5889.2
1996-09-17 02:00:00,5888.83
1996-09-18 02:00:00,5877.36
1996-09-19 02:00:00,5867.74
1996-09-20 02:00:00,5888.46
1996-09-23 02:00:00,5894.74
1996-09-24 02:00:00,5874.03
1996-09-25 02:00:00,5877.36
1996-09-26 02:00:00,5868.85
1996-09-27 02:00:00,5872.92
1996-09-30 02:00:00,5882.17
1996-10-01 02:00:00,5904.9
1996-10-02 02:00:00,5933.97
1996-10-03 02:00:00,5932.85
1996-10-04 02:00:00,5992.86
1996-10-07 02:00:00,5979.81
1996-10-08 02:00:00,5966.77
1996-10-09 02:00:00,5930.62
1996-10-10 02:00:00,5921.67
1996-10-11 02:00:00,5969.38
1996-10-14 02:00:00,6010
1996-10-15 02:00:00,6004.78
1996-10-16 02:00:00,6020.81
1996-10-17 02:00:00,6059.2
1996-10-18 02:00:00,6094.23
1996-10-21 02:00:00,6090.87
1996-10-22 02:00:00,6061.8
1996-10-23 02:00:00,6036.46
1996-10-24 02:00:00,5992.48
1996-10-25 02:00:00,6007.02
1996-10-28 01:00:00,5972.73
1996-10-29 01:00:00,6007.02
1996-10-30 01:00:00,5993.23
1996-10-31 01:00:00,6029.38
1996-11-01 01:00:00,6021.93
1996-11-04 01:00:00,6041.68
1996-11-05 01:00:00,6081.18
1996-11-06 01:00:00,6177.71
1996-11-07 01:00:00,6206.04
1996-11-08 01:00:00,6219.82
1996-11-11 01:00:00,6255.6
1996-11-12 01:00:00,6266.04
1996-11-13 01:00:00,6274.24
1996-11-14 01:00:00,6313
1996-11-15 01:00:00,6348.03
1996-11-18 01:00:00,6346.91
1996-11-19 01:00:00,6397.6
1996-11-20 01:00:00,6430.02
1996-11-21 01:00:00,6418.47
1996-11-22 01:00:00,6471.76
1996-11-25 01:00:00,6547.79
1996-11-26 01:00:00,6528.41
1996-11-27 01:00:00,6499.34
1996-11-28 01:00:00,6499.34
1996-11-29 01:00:00,6521.7
1996-12-02 01:00:00,6521.7
1996-12-03 01:00:00,6442.69
1996-12-04 01:00:00,6422.94
1996-12-05 01:00:00,6437.1
1996-12-06 01:00:00,6381.94
1996-12-09 01:00:00,6463.94
1996-12-10 01:00:00,6473.25
1996-12-11 01:00:00,6402.52
1996-12-12 01:00:00,6303.71
1996-12-13 01:00:00,6304.87
1996-12-16 01:00:00,6268.35
1996-12-17 01:00:00,6308.33
1996-12-18 01:00:00,6346.77
1996-12-19 01:00:00,6473.64
1996-12-20 01:00:00,6484.4
1996-12-23 01:00:00,6489.02
1996-12-24 01:00:00,6522.85
1996-12-25 01:00:00,6522.85
1996-12-26 01:00:00,6546.68
1996-12-27 01:00:00,6560.91
1996-12-30 01:00:00,6549.37
1996-12-31 01:00:00,6448.27
1997-01-01 01:00:00,6448.27
1997-01-02 01:00:00,6442.49
1997-01-03 01:00:00,6544.09
1997-01-06 01:00:00,6567.18
1997-01-07 01:00:00,6600.66
1997-01-08 01:00:00,6549.48
1997-01-09 01:00:00,6625.67
1997-01-10 01:00:00,6703.79
1997-01-13 01:00:00,6709.18
1997-01-14 01:00:00,6762.29
1997-01-15 01:00:00,6726.88
1997-01-16 01:00:00,6765.37
1997-01-17 01:00:00,6833.1
1997-01-20 01:00:00,6843.87
1997-01-21 01:00:00,6883.9
1997-01-22 01:00:00,6850.03
1997-01-23 01:00:00,6755.75
1997-01-24 01:00:00,6696.48
1997-01-27 01:00:00,6660.69
1997-01-28 01:00:00,6656.08
1997-01-29 01:00:00,6740.74
1997-01-30 01:00:00,6823.86
1997-01-31 01:00:00,6813.09
1997-02-03 01:00:00,6806.16
1997-02-04 01:00:00,6833.48
1997-02-05 01:00:00,6746.9
1997-02-06 01:00:00,6773.06
1997-02-07 01:00:00,6855.8
1997-02-10 01:00:00,6806.54
1997-02-11 01:00:00,6858.11
1997-02-12 01:00:00,6961.63
1997-02-13 01:00:00,7022.44
1997-02-14 01:00:00,6988.96
1997-02-17 01:00:00,6988.96
1997-02-18 01:00:00,7067.46
1997-02-19 01:00:00,7020.13
1997-02-20 01:00:00,6927.38
1997-02-21 01:00:00,6931.62
1997-02-24 01:00:00,7008.2
1997-02-25 01:00:00,7037.83
1997-02-26 01:00:00,6983.18
1997-02-27 01:00:00,6925.07
1997-02-28 01:00:00,6877.74
1997-03-03 01:00:00,6918.92
1997-03-04 01:00:00,6852.72
1997-03-05 01:00:00,6945.85
1997-03-06 01:00:00,6944.7
1997-03-07 01:00:00,7000.89
1997-03-10 01:00:00,7079.39
1997-03-11 01:00:00,7085.16
1997-03-12 01:00:00,7039.37
1997-03-13 01:00:00,6878.89
1997-03-14 01:00:00,6935.46
1997-03-17 01:00:00,6955.48
1997-03-18 01:00:00,6896.56
1997-03-19 01:00:00,6877.68
1997-03-20 01:00:00,6820.28
1997-03-21 01:00:00,6804.79
1997-03-24 01:00:00,6905.25
1997-03-25 01:00:00,6876.17
1997-03-26 01:00:00,6880.7
1997-03-27 01:00:00,6740.59
1997-03-28 01:00:00,6740.59
1997-03-31 02:00:00,6583.48
1997-04-01 02:00:00,6611.05
1997-04-02 02:00:00,6517.01
1997-04-03 02:00:00,6477.35
1997-04-04 02:00:00,6526.07
1997-04-07 02:00:00,6555.91
1997-04-08 02:00:00,6609.16
1997-04-09 02:00:00,6563.84
1997-04-10 02:00:00,6540.05
1997-04-11 02:00:00,6391.69
1997-04-14 02:00:00,6451.9
1997-04-15 02:00:00,6587.16
1997-04-16 02:00:00,6679.87
1997-04-17 02:00:00,6658.6
1997-04-18 02:00:00,6703.55
1997-04-21 02:00:00,6660.21
1997-04-22 02:00:00,6833.59
1997-04-23 02:00:00,6812.72
1997-04-24 02:00:00,6792.25
1997-04-25 02:00:00,6738.87
1997-04-28 02:00:00,6783.02
1997-04-29 02:00:00,6962.03
1997-04-30 02:00:00,7008.99
1997-05-01 02:00:00,6976.48
1997-05-02 02:00:00,7071.2
1997-05-05 02:00:00,7214.49
1997-05-06 02:00:00,7225.32
1997-05-07 02:00:00,7085.65
1997-05-08 02:00:00,7136.62
1997-05-09 02:00:00,7169.53
1997-05-12 02:00:00,7292.75
1997-05-13 02:00:00,7274.21
1997-05-14 02:00:00,7286.16
1997-05-15 02:00:00,7333.55
1997-05-16 02:00:00,7194.67
1997-05-19 02:00:00,7228.88
1997-05-20 02:00:00,7303.46
1997-05-21 02:00:00,7290.69
1997-05-22 02:00:00,7258.13
1997-05-23 02:00:00,7345.91
1997-05-26 02:00:00,7345.91
1997-05-27 02:00:00,7383.41
1997-05-28 02:00:00,7357.23
1997-05-29 02:00:00,7330.18
1997-05-30 02:00:00,7331.04
1997-06-02 02:00:00,7289.4
1997-06-03 02:00:00,7312.15
1997-06-04 02:00:00,7269.66
1997-06-05 02:00:00,7305.29
1997-06-06 02:00:00,7435.78
1997-06-09 02:00:00,7478.5
1997-06-10 02:00:00,7539.27
1997-06-11 02:00:00,7575.83
1997-06-12 02:00:00,7711.47
1997-06-13 02:00:00,7782.04
1997-06-16 02:00:00,7772.09
1997-06-17 02:00:00,7760.78
1997-06-18 02:00:00,7718.71
1997-06-19 02:00:00,7777.06
1997-06-20 02:00:00,7796.51
1997-06-23 02:00:00,7604.26
1997-06-24 02:00:00,7758.06
1997-06-25 02:00:00,7689.98
1997-06-26 02:00:00,7654.25
1997-06-27 02:00:00,7687.72
1997-06-30 02:00:00,7672.79
1997-07-01 02:00:00,7722.33
1997-07-02 02:00:00,7795.38
1997-07-03 02:00:00,7895.81
1997-07-04 02:00:00,7895.81
1997-07-07 02:00:00,7858.49
1997-07-08 02:00:00,7962.31
1997-07-09 02:00:00,7842.43
1997-07-10 02:00:00,7886.76
1997-07-11 02:00:00,7921.82
1997-07-14 02:00:00,7922.98
1997-07-15 02:00:00,7975.71
1997-07-16 02:00:00,8038.88
1997-07-17 02:00:00,8020.77
1997-07-18 02:00:00,7890.46
1997-07-21 02:00:00,7906.72
1997-07-22 02:00:00,8061.65
1997-07-23 02:00:00,8088.36
1997-07-24 02:00:00,8116.93
1997-07-25 02:00:00,8113.44
1997-07-28 02:00:00,8121.11
1997-07-29 02:00:00,8174.53
1997-07-30 02:00:00,8254.89
1997-07-31 02:00:00,8222.61
1997-08-01 02:00:00,8194.04
1997-08-04 02:00:00,8198.45
1997-08-05 02:00:00,8187.54
1997-08-06 02:00:00,8259.31
1997-08-07 02:00:00,8188
1997-08-08 02:00:00,8031.22
1997-08-11 02:00:00,8062.11
1997-08-12 02:00:00,7960.84
1997-08-13 02:00:00,7928.32
1997-08-14 02:00:00,7942.03
1997-08-15 02:00:00,7694.66
1997-08-18 02:00:00,7803.36
1997-08-19 02:00:00,7918.1
1997-08-20 02:00:00,8021.23
1997-08-21 02:00:00,7893.95
1997-08-22 02:00:00,7887.91
1997-08-25 02:00:00,7859.57
1997-08-26 02:00:00,7782.22
1997-08-27 02:00:00,7787.33
1997-08-28 02:00:00,7694.43
1997-08-29 02:00:00,7622.42
1997-09-01 02:00:00,7622.42
1997-09-02 02:00:00,7879.78
1997-09-03 02:00:00,7894.64
1997-09-04 02:00:00,7867.24
1997-09-05 02:00:00,7822.41
1997-09-08 02:00:00,7835.18
1997-09-09 02:00:00,7851.91
1997-09-10 02:00:00,7719.28
1997-09-11 02:00:00,7660.98
1997-09-12 02:00:00,7742.97
1997-09-15 02:00:00,7721.14
1997-09-16 02:00:00,7895.92
1997-09-17 02:00:00,7886.44
1997-09-18 02:00:00,7922.72
1997-09-19 02:00:00,7917.27
1997-09-22 02:00:00,7996.83
1997-09-23 02:00:00,7970.06
1997-09-24 02:00:00,7906.71
1997-09-25 02:00:00,7848.01
1997-09-26 02:00:00,7922.18
1997-09-29 02:00:00,7991.43
1997-09-30 02:00:00,7945.26
1997-10-01 02:00:00,8015.5
1997-10-02 02:00:00,8027.53
1997-10-03 02:00:00,8038.58
1997-10-06 02:00:00,8100.22
1997-10-07 02:00:00,8178.31
1997-10-08 02:00:00,8095.06
1997-10-09 02:00:00,8061.42
1997-10-10 02:00:00,8045.21
1997-10-13 02:00:00,8072.22
1997-10-14 02:00:00,8096.29
1997-10-15 02:00:00,8057.98
1997-10-16 02:00:00,7938.88
1997-10-17 02:00:00,7847.03
1997-10-20 02:00:00,7921.44
1997-10-21 02:00:00,8060.44
1997-10-22 02:00:00,8034.65
1997-10-23 02:00:00,7847.77
1997-10-24 02:00:00,7715.41
1997-10-27 01:00:00,7161.15
1997-10-28 01:00:00,7498.32
1997-10-29 01:00:00,7506.67
1997-10-30 01:00:00,7381.67
1997-10-31 01:00:00,7442.08
1997-11-03 01:00:00,7674.39
1997-11-04 01:00:00,7689.13
1997-11-05 01:00:00,7692.57
1997-11-06 01:00:00,7683.24
1997-11-07 01:00:00,7581.32
1997-11-10 01:00:00,7552.59
1997-11-11 01:00:00,7558.73
1997-11-12 01:00:00,7401.32
1997-11-13 01:00:00,7487.76
1997-11-14 01:00:00,7572.48
1997-11-17 01:00:00,7698.22
1997-11-18 01:00:00,7650.82
1997-11-19 01:00:00,7724.74
1997-11-20 01:00:00,7826.61
1997-11-21 01:00:00,7881.07
1997-11-24 01:00:00,7767.92
1997-11-25 01:00:00,7808.95
1997-11-26 01:00:00,7794.78
1997-11-27 01:00:00,7794.78
1997-11-28 01:00:00,7823.13
1997-12-01 01:00:00,8013.11
1997-12-02 01:00:00,8018.83
1997-12-03 01:00:00,8032.01
1997-12-04 01:00:00,8050.16
1997-12-05 01:00:00,8149.13
1997-12-08 01:00:00,8110.84
1997-12-09 01:00:00,8049.66
1997-12-10 01:00:00,7978.79
1997-12-11 01:00:00,7848.99
1997-12-12 01:00:00,7838.3
1997-12-15 01:00:00,7922.59
1997-12-16 01:00:00,7976.31
1997-12-17 01:00:00,7957.41
1997-12-18 01:00:00,7846.5
1997-12-19 01:00:00,7756.29
1997-12-22 01:00:00,7819.31
1997-12-23 01:00:00,7691.77
1997-12-24 01:00:00,7660.13
1997-12-25 01:00:00,7660.13
1997-12-26 01:00:00,7679.31
1997-12-29 01:00:00,7792.41
1997-12-30 01:00:00,7915.97
1997-12-31 01:00:00,7908.25
1998-01-01 01:00:00,7908.25
1998-01-02 01:00:00,7965.04
1998-01-05 01:00:00,7978.99
1998-01-06 01:00:00,7906.25
1998-01-07 01:00:00,7902.27
1998-01-08 01:00:00,7802.62
1998-01-09 01:00:00,7580.42
1998-01-12 01:00:00,7647.18
1998-01-13 01:00:00,7732.13
1998-01-14 01:00:00,7784.69
1998-01-15 01:00:00,7691.77
1998-01-16 01:00:00,7753.55
1998-01-19 01:00:00,7753.55
1998-01-20 01:00:00,7873.12
1998-01-21 01:00:00,7794.4
1998-01-22 01:00:00,7730.88
1998-01-23 01:00:00,7700.74
1998-01-26 01:00:00,7712.94
1998-01-27 01:00:00,7815.08
1998-01-28 01:00:00,7915.47
1998-01-29 01:00:00,7973.02
1998-01-30 01:00:00,7906.5
1998-02-02 01:00:00,8107.78
1998-02-03 01:00:00,8160.35
1998-02-04 01:00:00,8129.71
1998-02-05 01:00:00,8117.25
1998-02-06 01:00:00,8189.49
1998-02-09 01:00:00,8180.52
1998-02-10 01:00:00,8295.61
1998-02-11 01:00:00,8314.55
1998-02-12 01:00:00,8369.6
1998-02-13 01:00:00,8370.1
1998-02-16 01:00:00,8370.1
1998-02-17 01:00:00,8398.5
1998-02-18 01:00:00,8451.06
1998-02-19 01:00:00,8375.58
1998-02-20 01:00:00,8413.94
1998-02-23 01:00:00,8410.2
1998-02-24 01:00:00,8370.1
1998-02-25 01:00:00,8457.78
1998-02-26 01:00:00,8490.67
1998-02-27 01:00:00,8545.72
1998-03-02 01:00:00,8550.45
1998-03-03 01:00:00,8584.83
1998-03-04 01:00:00,8539.24
1998-03-05 01:00:00,8444.33
1998-03-06 01:00:00,8569.39
1998-03-09 01:00:00,8567.14
1998-03-10 01:00:00,8643.12
1998-03-11 01:00:00,8675.75
1998-03-12 01:00:00,8659.56
1998-03-13 01:00:00,8602.52
1998-03-16 01:00:00,8718.85
1998-03-17 01:00:00,8749.99
1998-03-18 01:00:00,8775.4
1998-03-19 01:00:00,8803.05
1998-03-20 01:00:00,8906.43
1998-03-23 01:00:00,8816.25
1998-03-24 01:00:00,8904.44
1998-03-25 01:00:00,8872.8
1998-03-26 01:00:00,8846.89
1998-03-27 01:00:00,8796.08
1998-03-30 02:00:00,8782.12
1998-03-31 02:00:00,8799.81
1998-04-01 02:00:00,8868.32
1998-04-02 02:00:00,8986.64
1998-04-03 02:00:00,8983.41
1998-04-06 02:00:00,9033.23
1998-04-07 02:00:00,8956.5
1998-04-08 02:00:00,8891.48
1998-04-09 02:00:00,8994.86
1998-04-10 02:00:00,8994.86
1998-04-13 02:00:00,9012.3
1998-04-14 02:00:00,9110.2
1998-04-15 02:00:00,9162.27
1998-04-16 02:00:00,9076.57
1998-04-17 02:00:00,9167.5
1998-04-20 02:00:00,9141.84
1998-04-21 02:00:00,9184.94
1998-04-22 02:00:00,9176.72
1998-04-23 02:00:00,9143.33
1998-04-24 02:00:00,9064.62
1998-04-27 02:00:00,8917.64
1998-04-28 02:00:00,8898.96
1998-04-29 02:00:00,8951.52
1998-04-30 02:00:00,9063.37
1998-05-01 02:00:00,9147.07
1998-05-04 02:00:00,9192.66
1998-05-05 02:00:00,9147.57
1998-05-06 02:00:00,9054.65
1998-05-07 02:00:00,8976.68
1998-05-08 02:00:00,9055.15
1998-05-11 02:00:00,9091.52
1998-05-12 02:00:00,9161.77
1998-05-13 02:00:00,9211.84
1998-05-14 02:00:00,9172.23
1998-05-15 02:00:00,9096
1998-05-18 02:00:00,9050.91
1998-05-19 02:00:00,9054.65
1998-05-20 02:00:00,9171.48
1998-05-21 02:00:00,9132.37
1998-05-22 02:00:00,9114.44
1998-05-25 02:00:00,9114.44
1998-05-26 02:00:00,8963.73
1998-05-27 02:00:00,8936.57
1998-05-28 02:00:00,8970.2
1998-05-29 02:00:00,8899.95
1998-06-01 02:00:00,8922.37
1998-06-02 02:00:00,8891.24
1998-06-03 02:00:00,8803.8
1998-06-04 02:00:00,8870.56
1998-06-05 02:00:00,9037.71
1998-06-08 02:00:00,9069.6
1998-06-09 02:00:00,9049.92
1998-06-10 02:00:00,8971.7
1998-06-11 02:00:00,8811.77
1998-06-12 02:00:00,8834.94
1998-06-15 02:00:00,8627.93
1998-06-16 02:00:00,8665.29
1998-06-17 02:00:00,8829.46
1998-06-18 02:00:00,8813.01
1998-06-19 02:00:00,8712.87
1998-06-22 02:00:00,8711.13
1998-06-23 02:00:00,8828.46
1998-06-24 02:00:00,8923.87
1998-06-25 02:00:00,8935.58
1998-06-26 02:00:00,8944.54
1998-06-29 02:00:00,8997.36
1998-06-30 02:00:00,8952.02
1998-07-01 02:00:00,9048.67
1998-07-02 02:00:00,9025.26
1998-07-03 02:00:00,9025.26
1998-07-06 02:00:00,9091.77
1998-07-07 02:00:00,9085.04
1998-07-08 02:00:00,9174.97
1998-07-09 02:00:00,9089.78
1998-07-10 02:00:00,9105.74
1998-07-13 02:00:00,9096.21
1998-07-14 02:00:00,9245.54
1998-07-15 02:00:00,9234.47
1998-07-16 02:00:00,9328.19
1998-07-17 02:00:00,9337.97
1998-07-20 02:00:00,9295.75
1998-07-21 02:00:00,9190.19
1998-07-22 02:00:00,9128.91
1998-07-23 02:00:00,8932.98
1998-07-24 02:00:00,8937.36
1998-07-27 02:00:00,9028.24
1998-07-28 02:00:00,8934.78
1998-07-29 02:00:00,8914.96
1998-07-30 02:00:00,9026.95
1998-07-31 02:00:00,8883.29
1998-08-03 02:00:00,8786.74
1998-08-04 02:00:00,8487.31
1998-08-05 02:00:00,8546.78
1998-08-06 02:00:00,8577.68
1998-08-07 02:00:00,8598.02
1998-08-10 02:00:00,8574.85
1998-08-11 02:00:00,8462.85
1998-08-12 02:00:00,8552.96
1998-08-13 02:00:00,8459.5
1998-08-14 02:00:00,8425
1998-08-17 02:00:00,8574.85
1998-08-18 02:00:00,8714.65
1998-08-19 02:00:00,8693.28
1998-08-20 02:00:00,8611.41
1998-08-21 02:00:00,8533.65
1998-08-24 02:00:00,8566.61
1998-08-25 02:00:00,8602.65
1998-08-26 02:00:00,8523.35
1998-08-27 02:00:00,8165.99
1998-08-28 02:00:00,8051.68
1998-08-31 02:00:00,7539.07
1998-09-01 02:00:00,7827.43
1998-09-02 02:00:00,7782.37
1998-09-03 02:00:00,7682.22
1998-09-04 02:00:00,7640.25
1998-09-07 02:00:00,7640.25
1998-09-08 02:00:00,8020.78
1998-09-09 02:00:00,7865.02
1998-09-10 02:00:00,7615.54
1998-09-11 02:00:00,7795.5
1998-09-14 02:00:00,7945.35
1998-09-15 02:00:00,8024.39
1998-09-16 02:00:00,8089.78
1998-09-17 02:00:00,7873.77
1998-09-18 02:00:00,7895.66
1998-09-21 02:00:00,7933.25
1998-09-22 02:00:00,7897.2
1998-09-23 02:00:00,8154.41
1998-09-24 02:00:00,8001.99
1998-09-25 02:00:00,8028.77
1998-09-28 02:00:00,8108.84
1998-09-29 02:00:00,8080.52
1998-09-30 02:00:00,7842.62
1998-10-01 02:00:00,7632.53
1998-10-02 02:00:00,7784.69
1998-10-05 02:00:00,7726.24
1998-10-06 02:00:00,7742.98
1998-10-07 02:00:00,7741.69
1998-10-08 02:00:00,7731.91
1998-10-09 02:00:00,7899.52
1998-10-12 02:00:00,8001.47
1998-10-13 02:00:00,7938.14
1998-10-14 02:00:00,7968.78
1998-10-15 02:00:00,8299.36
1998-10-16 02:00:00,8416.76
1998-10-19 02:00:00,8466.45
1998-10-20 02:00:00,8505.85
1998-10-21 02:00:00,8519.23
1998-10-22 02:00:00,8533.14
1998-10-23 02:00:00,8452.29
1998-10-26 01:00:00,8432.21
1998-10-27 01:00:00,8366.04
1998-10-28 01:00:00,8371.97
1998-10-29 01:00:00,8495.03
1998-10-30 01:00:00,8592.1
1998-11-02 01:00:00,8706.15
1998-11-03 01:00:00,8706.15
1998-11-04 01:00:00,8783.14
1998-11-05 01:00:00,8915.47
1998-11-06 01:00:00,8975.46
1998-11-09 01:00:00,8897.96
1998-11-10 01:00:00,8863.98
1998-11-11 01:00:00,8823.82
1998-11-12 01:00:00,8829.74
1998-11-13 01:00:00,8919.59
1998-11-16 01:00:00,9011.25
1998-11-17 01:00:00,8986.28
1998-11-18 01:00:00,9041.11
1998-11-19 01:00:00,9056.05
1998-11-20 01:00:00,9159.55
1998-11-23 01:00:00,9374.27
1998-11-24 01:00:00,9301.15
1998-11-25 01:00:00,9314.28
1998-11-26 01:00:00,9314.28
1998-11-27 01:00:00,9333.08
1998-11-30 01:00:00,9116.55
1998-12-01 01:00:00,9133.54
1998-12-02 01:00:00,9064.54
1998-12-03 01:00:00,8879.68
1998-12-04 01:00:00,9016.14
1998-12-07 01:00:00,9070.47
1998-12-08 01:00:00,9027.98
1998-12-09 01:00:00,9009.19
1998-12-10 01:00:00,8841.58
1998-12-11 01:00:00,8821.76
1998-12-14 01:00:00,8695.6
1998-12-15 01:00:00,8823.3
1998-12-16 01:00:00,8790.6
1998-12-17 01:00:00,8875.82
1998-12-18 01:00:00,8903.63
1998-12-21 01:00:00,8988.85
1998-12-22 01:00:00,9044.46
1998-12-23 01:00:00,9202.03
1998-12-24 01:00:00,9217.99
1998-12-25 01:00:00,9217.99
1998-12-28 01:00:00,9226.75
1998-12-29 01:00:00,9320.98
1998-12-30 01:00:00,9274.64
1998-12-31 01:00:00,9181.43
1999-01-01 01:00:00,9181.43
1999-01-04 01:00:00,9184.27
1999-01-05 01:00:00,9311.19
1999-01-06 01:00:00,9544.97
1999-01-07 01:00:00,9537.76
1999-01-08 01:00:00,9643.32
1999-01-11 01:00:00,9619.89
1999-01-12 01:00:00,9474.68
1999-01-13 01:00:00,9349.56
1999-01-14 01:00:00,9120.93
1999-01-15 01:00:00,9340.55
1999-01-18 01:00:00,9340.55
1999-01-19 01:00:00,9355.22
1999-01-20 01:00:00,9335.91
1999-01-21 01:00:00,9264.08
1999-01-22 01:00:00,9120.67
1999-01-25 01:00:00,9203.32
1999-01-26 01:00:00,9324.58
1999-01-27 01:00:00,9200.23
1999-01-28 01:00:00,9281.33
1999-01-29 01:00:00,9358.83
1999-02-01 01:00:00,9345.7
1999-02-02 01:00:00,9274.12
1999-02-03 01:00:00,9366.81
1999-02-04 01:00:00,9304.5
1999-02-05 01:00:00,9304.24
1999-02-08 01:00:00,9291.11
1999-02-09 01:00:00,9133.03
1999-02-10 01:00:00,9177.31
1999-02-11 01:00:00,9363.46
1999-02-12 01:00:00,9274.89
1999-02-15 01:00:00,9274.89
1999-02-16 01:00:00,9297.03
1999-02-17 01:00:00,9195.47
1999-02-18 01:00:00,9298.63
1999-02-19 01:00:00,9339.95
1999-02-22 01:00:00,9552.68
1999-02-23 01:00:00,9544.42
1999-02-24 01:00:00,9399.67
1999-02-25 01:00:00,9366.34
1999-02-26 01:00:00,9306.58
1999-03-01 01:00:00,9324.78
1999-03-02 01:00:00,9297.61
1999-03-03 01:00:00,9275.88
1999-03-04 01:00:00,9467.4
1999-03-05 01:00:00,9736.08
1999-03-08 01:00:00,9727.61
1999-03-09 01:00:00,9693.76
1999-03-10 01:00:00,9772.84
1999-03-11 01:00:00,9897.44
1999-03-12 01:00:00,9876.35
1999-03-15 01:00:00,9958.77
1999-03-16 01:00:00,9930.47
1999-03-17 01:00:00,9879.41
1999-03-18 01:00:00,9997.62
1999-03-19 01:00:00,9903.55
1999-03-22 01:00:00,9890.51
1999-03-23 01:00:00,9671.83
1999-03-24 01:00:00,9666.84
1999-03-25 01:00:00,9836.39
1999-03-26 01:00:00,9822.24
1999-03-29 02:00:00,10006.78
1999-03-30 02:00:00,9913.26
1999-03-31 02:00:00,9786.16
1999-04-01 02:00:00,9832.51
1999-04-02 02:00:00,9832.51
1999-04-05 02:00:00,10007.33
1999-04-06 02:00:00,9963.49
1999-04-07 02:00:00,10085.31
1999-04-08 02:00:00,10197.7
1999-04-09 02:00:00,10173.84
1999-04-12 02:00:00,10339.51
1999-04-13 02:00:00,10395.01
1999-04-14 02:00:00,10411.66
1999-04-15 02:00:00,10462.72
1999-04-16 02:00:00,10493.89
1999-04-19 02:00:00,10440.53
1999-04-20 02:00:00,10448.55
1999-04-21 02:00:00,10581.42
1999-04-22 02:00:00,10727.18
1999-04-23 02:00:00,10689.67
1999-04-26 02:00:00,10718.59
1999-04-27 02:00:00,10831.71
1999-04-28 02:00:00,10845.45
1999-04-29 02:00:00,10878.38
1999-04-30 02:00:00,10789.04
1999-05-03 02:00:00,11014.69
1999-05-04 02:00:00,10886.11
1999-05-05 02:00:00,10955.41
1999-05-06 02:00:00,10946.82
1999-05-07 02:00:00,11031.59
1999-05-10 02:00:00,11007.25
1999-05-11 02:00:00,11026.15
1999-05-12 02:00:00,11000.37
1999-05-13 02:00:00,11107.19
1999-05-14 02:00:00,10913.32
1999-05-17 02:00:00,10853.47
1999-05-18 02:00:00,10836.95
1999-05-19 02:00:00,10887.39
1999-05-20 02:00:00,10866.74
1999-05-21 02:00:00,10829.28
1999-05-24 02:00:00,10654.67
1999-05-25 02:00:00,10531.09
1999-05-26 02:00:00,10702.1
1999-05-27 02:00:00,10466.93
1999-05-28 02:00:00,10559.74
1999-05-31 02:00:00,10559.74
1999-06-01 02:00:00,10596.26
1999-06-02 02:00:00,10577.89
1999-06-03 02:00:00,10663.69
1999-06-04 02:00:00,10799.84
1999-06-07 02:00:00,10909.38
1999-06-08 02:00:00,10765.64
1999-06-09 02:00:00,10690.29
1999-06-10 02:00:00,10621.27
1999-06-11 02:00:00,10490.51
1999-06-14 02:00:00,10563.33
1999-06-15 02:00:00,10594.99
1999-06-16 02:00:00,10784.95
1999-06-17 02:00:00,10841.63
1999-06-18 02:00:00,10855.56
1999-06-21 02:00:00,10815.98
1999-06-22 02:00:00,10721.63
1999-06-23 02:00:00,10666.86
1999-06-24 02:00:00,10534.83
1999-06-25 02:00:00,10552.56
1999-06-28 02:00:00,10655.15
1999-06-29 02:00:00,10815.35
1999-06-30 02:00:00,10970.8
1999-07-01 02:00:00,11066.42
1999-07-02 02:00:00,11139.24
1999-07-05 02:00:00,11139.24
1999-07-06 02:00:00,11135.12
1999-07-07 02:00:00,11187.36
1999-07-08 02:00:00,11126.89
1999-07-09 02:00:00,11193.7
1999-07-12 02:00:00,11200.98
1999-07-13 02:00:00,11175.02
1999-07-14 02:00:00,11148.1
1999-07-15 02:00:00,11186.41
1999-07-16 02:00:00,11209.84
1999-07-19 02:00:00,11187.68
1999-07-20 02:00:00,10996.13
1999-07-21 02:00:00,11002.78
1999-07-22 02:00:00,10969.22
1999-07-23 02:00:00,10910.96
1999-07-26 02:00:00,10863.16
1999-07-27 02:00:00,10979.04
1999-07-28 02:00:00,10972.07
1999-07-29 02:00:00,10791.29
1999-07-30 02:00:00,10655.15
1999-08-02 02:00:00,10645.96
1999-08-03 02:00:00,10677.31
1999-08-04 02:00:00,10674.77
1999-08-05 02:00:00,10793.82
1999-08-06 02:00:00,10714.03
1999-08-09 02:00:00,10707.7
1999-08-10 02:00:00,10655.15
1999-08-11 02:00:00,10787.8
1999-08-12 02:00:00,10789.39
1999-08-13 02:00:00,10973.65
1999-08-16 02:00:00,11046.79
1999-08-17 02:00:00,11117.08
1999-08-18 02:00:00,10991.38
1999-08-19 02:00:00,10963.84
1999-08-20 02:00:00,11100.61
1999-08-23 02:00:00,11299.76
1999-08-24 02:00:00,11283.3
1999-08-25 02:00:00,11326.04
1999-08-26 02:00:00,11198.45
1999-08-27 02:00:00,11090.17
1999-08-30 02:00:00,10914.13
1999-08-31 02:00:00,10829.28
1999-09-01 02:00:00,10937.88
1999-09-02 02:00:00,10843.21
1999-09-03 02:00:00,11078.45
1999-09-06 02:00:00,11078.45
1999-09-07 02:00:00,11034.13
1999-09-08 02:00:00,11036.34
1999-09-09 02:00:00,11079.39
1999-09-10 02:00:00,11028.42
1999-09-13 02:00:00,11030.33
1999-09-14 02:00:00,10910.33
1999-09-15 02:00:00,10801.42
1999-09-16 02:00:00,10737.45
1999-09-17 02:00:00,10803.63
1999-09-20 02:00:00,10823.89
1999-09-21 02:00:00,10598.47
1999-09-22 02:00:00,10524.06
1999-09-23 02:00:00,10318.59
1999-09-24 02:00:00,10279.33
1999-09-27 02:00:00,10303.39
1999-09-28 02:00:00,10275.53
1999-09-29 02:00:00,10213.47
1999-09-30 02:00:00,10336.95
1999-10-01 02:00:00,10273
1999-10-04 02:00:00,10401.22
1999-10-05 02:00:00,10400.59
1999-10-06 02:00:00,10588.34
1999-10-07 02:00:00,10537.05
1999-10-08 02:00:00,10649.76
1999-10-11 02:00:00,10648.17
1999-10-12 02:00:00,10417.06
1999-10-13 02:00:00,10232.16
1999-10-14 02:00:00,10286.61
1999-10-15 02:00:00,10019.7
1999-10-18 02:00:00,10116.28
1999-10-19 02:00:00,10204.92
1999-10-20 02:00:00,10392.36
1999-10-21 02:00:00,10297.69
1999-10-22 02:00:00,10470.25
1999-10-25 02:00:00,10349.92
1999-10-26 02:00:00,10302.13
1999-10-27 02:00:00,10394.89
1999-10-28 02:00:00,10622.53
1999-10-29 02:00:00,10729.86
1999-11-01 01:00:00,10648.52
1999-11-02 01:00:00,10581.84
1999-11-03 01:00:00,10609.06
1999-11-04 01:00:00,10639.64
1999-11-05 01:00:00,10705.39
1999-11-08 01:00:00,10718.84
1999-11-09 01:00:00,10617.31
1999-11-10 01:00:00,10597.73
1999-11-11 01:00:00,10595.3
1999-11-12 01:00:00,10769.31
1999-11-15 01:00:00,10760.75
1999-11-16 01:00:00,10932.33
1999-11-17 01:00:00,10883.09
1999-11-18 01:00:00,11035.7
1999-11-19 01:00:00,11003.89
1999-11-22 01:00:00,11089.52
1999-11-23 01:00:00,10995.63
1999-11-24 01:00:00,11008.17
1999-11-25 01:00:00,11008.17
1999-11-26 01:00:00,10988.91
1999-11-29 01:00:00,10947.92
1999-11-30 01:00:00,10877.81
1999-12-01 01:00:00,10998.39
1999-12-02 01:00:00,11039.06
1999-12-03 01:00:00,11286.17
1999-12-06 01:00:00,11225.02
1999-12-07 01:00:00,11106.64
1999-12-08 01:00:00,11068.13
1999-12-09 01:00:00,11134.78
1999-12-10 01:00:00,11224.7
1999-12-13 01:00:00,11192.59
1999-12-14 01:00:00,11160.17
1999-12-15 01:00:00,11225.31
1999-12-16 01:00:00,11244.89
1999-12-17 01:00:00,11257.42
1999-12-20 01:00:00,11144.27
1999-12-21 01:00:00,11200.53
1999-12-22 01:00:00,11203.59
1999-12-23 01:00:00,11405.77
1999-12-24 01:00:00,11405.77
1999-12-27 01:00:00,11391.08
1999-12-28 01:00:00,11476.7
1999-12-29 01:00:00,11484.66
1999-12-30 01:00:00,11452.86
1999-12-31 01:00:00,11497.13
2000-01-03 01:00:00,11357.52
2000-01-04 01:00:00,10997.92
2000-01-05 01:00:00,11122.64
2000-01-06 01:00:00,11253.27
2000-01-07 01:00:00,11522.56
2000-01-10 01:00:00,11572.2
2000-01-11 01:00:00,11511.08
2000-01-12 01:00:00,11551.09
2000-01-13 01:00:00,11582.42
2000-01-14 01:00:00,11722.98
2000-01-17 01:00:00,11722.98
2000-01-18 01:00:00,11560.72
2000-01-19 01:00:00,11489.36
2000-01-20 01:00:00,11351.3
2000-01-21 01:00:00,11251.7
2000-01-24 01:00:00,11008.17
2000-01-25 01:00:00,11029.89
2000-01-26 01:00:00,11032.98
2000-01-27 01:00:00,11028.02
2000-01-28 01:00:00,10738.88
2000-01-31 01:00:00,10940.53
2000-02-01 01:00:00,11041.05
2000-02-02 01:00:00,11003.2
2000-02-03 01:00:00,11013.44
2000-02-04 01:00:00,10963.8
2000-02-07 01:00:00,10905.78
2000-02-08 01:00:00,10957.59
2000-02-09 01:00:00,10699.16
2000-02-10 01:00:00,10643.63
2000-02-11 01:00:00,10425.2
2000-02-14 01:00:00,10519.84
2000-02-15 01:00:00,10718.09
2000-02-16 01:00:00,10561.41
2000-02-17 01:00:00,10514.56
2000-02-18 01:00:00,10219.52
2000-02-21 01:00:00,10219.52
2000-02-22 01:00:00,10304.84
2000-02-23 01:00:00,10225.72
2000-02-24 01:00:00,10092.63
2000-02-25 01:00:00,9862.11
2000-02-28 01:00:00,10038.64
2000-02-29 01:00:00,10128.31
2000-03-01 01:00:00,10137.92
2000-03-02 01:00:00,10164.92
2000-03-03 01:00:00,10367.2
2000-03-06 01:00:00,10170.5
2000-03-07 01:00:00,9796.03
2000-03-08 01:00:00,9856.53
2000-03-09 01:00:00,10010.72
2000-03-10 01:00:00,9928.81
2000-03-13 01:00:00,9947.13
2000-03-14 01:00:00,9811.23
2000-03-15 01:00:00,10131.41
2000-03-16 01:00:00,10630.59
2000-03-17 01:00:00,10595.23
2000-03-20 01:00:00,10680.23
2000-03-21 01:00:00,10907.34
2000-03-22 01:00:00,10866.7
2000-03-23 01:00:00,11119.86
2000-03-24 01:00:00,11112.72
2000-03-27 02:00:00,11025.84
2000-03-28 02:00:00,10936.11
2000-03-29 02:00:00,11018.72
2000-03-30 02:00:00,10980.25
2000-03-31 02:00:00,10921.92
2000-04-03 02:00:00,11221.92
2000-04-04 02:00:00,11164.84
2000-04-05 02:00:00,11033.92
2000-04-06 02:00:00,11114.27
2000-04-07 02:00:00,11111.48
2000-04-10 02:00:00,11186.56
2000-04-11 02:00:00,11287.08
2000-04-12 02:00:00,11125.13
2000-04-13 02:00:00,10923.55
2000-04-14 02:00:00,10305.77
2000-04-17 02:00:00,10582.52
2000-04-18 02:00:00,10767.42
2000-04-19 02:00:00,10674.95
2000-04-20 02:00:00,10844.05
2000-04-21 02:00:00,10844.05
2000-04-24 02:00:00,10906.09
2000-04-25 02:00:00,11124.81
2000-04-26 02:00:00,10945.5
2000-04-27 02:00:00,10888.09
2000-04-28 02:00:00,10733.91
2000-05-01 02:00:00,10811.78
2000-05-02 02:00:00,10731.13
2000-05-03 02:00:00,10480.13
2000-05-04 02:00:00,10412.48
2000-05-05 02:00:00,10577.86
2000-05-08 02:00:00,10603.63
2000-05-09 02:00:00,10536.75
2000-05-10 02:00:00,10367.78
2000-05-11 02:00:00,10545.97
2000-05-12 02:00:00,10609.38
2000-05-15 02:00:00,10807.78
2000-05-16 02:00:00,10934.56
2000-05-17 02:00:00,10769.73
2000-05-18 02:00:00,10777.28
2000-05-19 02:00:00,10626.84
2000-05-22 02:00:00,10542.55
2000-05-23 02:00:00,10422.27
2000-05-24 02:00:00,10535.34
2000-05-25 02:00:00,10323.92
2000-05-26 02:00:00,10299.23
2000-05-29 02:00:00,10299.23
2000-05-30 02:00:00,10527.13
2000-05-31 02:00:00,10522.33
2000-06-01 02:00:00,10652.2
2000-06-02 02:00:00,10794.77
2000-06-05 02:00:00,10815.3
2000-06-06 02:00:00,10735.56
2000-06-07 02:00:00,10812.86
2000-06-08 02:00:00,10668.72
2000-06-09 02:00:00,10614.06
2000-06-12 02:00:00,10564.2
2000-06-13 02:00:00,10621.84
2000-06-14 02:00:00,10687.95
2000-06-15 02:00:00,10714.81
2000-06-16 02:00:00,10449.3
2000-06-19 02:00:00,10557.84
2000-06-20 02:00:00,10435.16
2000-06-21 02:00:00,10497.74
2000-06-22 02:00:00,10376.12
2000-06-23 02:00:00,10404.75
2000-06-26 02:00:00,10542.98
2000-06-27 02:00:00,10504.45
2000-06-28 02:00:00,10527.78
2000-06-29 02:00:00,10398.03
2000-06-30 02:00:00,10447.89
2000-07-03 02:00:00,10560.67
2000-07-04 02:00:00,10560.67
2000-07-05 02:00:00,10483.59
2000-07-06 02:00:00,10481.47
2000-07-07 02:00:00,10635.98
2000-07-10 02:00:00,10646.58
2000-07-11 02:00:00,10727.19
2000-07-12 02:00:00,10783.77
2000-07-13 02:00:00,10788.7
2000-07-14 02:00:00,10812.75
2000-07-17 02:00:00,10804.27
2000-07-18 02:00:00,10739.92
2000-07-19 02:00:00,10696.08
2000-07-20 02:00:00,10843.87
2000-07-21 02:00:00,10733.56
2000-07-24 02:00:00,10685.12
2000-07-25 02:00:00,10699.97
2000-07-26 02:00:00,10516.48
2000-07-27 02:00:00,10586.13
2000-07-28 02:00:00,10511.17
2000-07-31 02:00:00,10521.98
2000-08-01 02:00:00,10606.95
2000-08-02 02:00:00,10687.53
2000-08-03 02:00:00,10706.58
2000-08-04 02:00:00,10767.75
2000-08-07 02:00:00,10867.01
2000-08-08 02:00:00,10976.89
2000-08-09 02:00:00,10905.83
2000-08-10 02:00:00,10908.76
2000-08-11 02:00:00,11027.8
2000-08-14 02:00:00,11176.14
2000-08-15 02:00:00,11067
2000-08-16 02:00:00,11008.39
2000-08-17 02:00:00,11055.64
2000-08-18 02:00:00,11046.48
2000-08-21 02:00:00,11079.81
2000-08-22 02:00:00,11139.15
2000-08-23 02:00:00,11144.65
2000-08-24 02:00:00,11182.74
2000-08-25 02:00:00,11192.63
2000-08-28 02:00:00,11252.84
2000-08-29 02:00:00,11215.1
2000-08-30 02:00:00,11103.01
2000-08-31 02:00:00,11215.1
2000-09-01 02:00:00,11238.78
2000-09-04 02:00:00,11238.78
2000-09-05 02:00:00,11260.61
2000-09-06 02:00:00,11310.64
2000-09-07 02:00:00,11259.87
